GENERO;NOME
Femininos;Aabirah
Femininos;Aaditi
Femininos;Aaira
Femininos;Aaish
Femininos;Aakriti
Femininos;Aalia
Femininos;Aaliya
Femininos;Aaliyah
Femininos;Aalyiah
Femininos;Aamna
Femininos;Aarica
Femininos;Aarohi
Femininos;Aarushi
Femininos;Aarvi
Femininos;Aashvi
Femininos;Aatika
Femininos;Aayat
Femininos;Aayushi
Femininos;Abby
Femininos;Abbygaëlle
Femininos;Abeedha
Femininos;Abeeha
Femininos;Abhinaya
Femininos;Abigael
Femininos;Abigail
Femininos;Abimaela
Femininos;Abrayene
Femininos;Abril
Femininos;Abrish
Femininos;Acácia
Femininos;Acakarein
Femininos;Achia
Femininos;Acricia
Femininos;Açucena
Femininos;Ada
Femininos;Adalbmira
Femininos;Adalgiza
Femininos;Adália
Femininos;Adama
Femininos;Adan
Femininos;Adanna
Femininos;Addis
Femininos;Adel
Femininos;Adelaide
Femininos;Adele
Femininos;Adélia
Femininos;Adelina
Femininos;Adelle
Femininos;Adely
Femininos;Adelyna
Femininos;Adeya
Femininos;Adiane
Femininos;Adília
Femininos;Aditi
Femininos;Adja
Femininos;Adje
Femininos;Adla
Femininos;Adriana
Femininos;Adriane
Femininos;Adrianna
Femininos;Adriela
Femininos;Adriele
Femininos;Adrielle
Femininos;Adrielly
Femininos;Adriely
Femininos;Adris
Femininos;Adryelle
Femininos;Adymara
Femininos;Afonsa
Femininos;Afonsina
Femininos;Áfrika
Femininos;Agashti
Femininos;Agata
Femininos;Ágata
Femininos;Agatha
Femininos;Ágatha
Femininos;Aglaya
Femininos;Agnes
Femininos;Agnia
Femininos;Águeda
Femininos;Aguinalda
Femininos;Agustina
Femininos;Ahana
Femininos;Ahinara
Femininos;Aicha
Femininos;Aida
Femininos;Aidin
Femininos;Aihra
Femininos;Aíko
Femininos;Aila
Femininos;Ailine
Femininos;Ailla
Femininos;Aimara
Femininos;Aimee
Femininos;Aina
Femininos;Ainara
Femininos;Ainhoa
Femininos;Aini
Femininos;Ainny
Femininos;Ainoa
Femininos;Ainoah
Femininos;Aisha
Femininos;Aísha
Femininos;Aishleen
Femininos;Aishwarya
Femininos;Aissa
Femininos;Aissatá
Femininos;Aissatou
Femininos;Aïssatou
Femininos;Aissatu
Femininos;Aitana
Femininos;Aixa
Femininos;Aiyane
Femininos;Aiza
Femininos;Aizah
Femininos;Ajwa
Femininos;Akira
Femininos;Aksinia
Femininos;Akyra
Femininos;Alafair
Femininos;Alaia
Femininos;Alaïa
Femininos;Alaíde
Femininos;Alaina
Femininos;Alaísse
Femininos;Alana
Femininos;Alania
Femininos;Alanis
Femininos;Alanna
Femininos;Alannah
Femininos;Alanya
Femininos;Alaysha
Femininos;Alaziana
Femininos;Alba
Femininos;Alberta
Femininos;Albertina
Femininos;Alciany
Femininos;Alcidia
Femininos;Alcione
Femininos;Alcíone
Femininos;Álcya
Femininos;Alda
Femininos;Aldaísa
Femininos;Aldara
Femininos;Aldina
Femininos;Aldry
Femininos;Aleena
Femininos;Aleesha
Femininos;Aleesyiah
Femininos;Aleeza
Femininos;Aleisa
Femininos;Alejandra
Femininos;Aleksandra
Femininos;Aleksia
Femininos;Alena
Femininos;Alesha
Femininos;Alesia
Femininos;Alessa
Femininos;Alessandra
Femininos;Alessia
Femininos;Alexa
Femininos;Alexandra
Femininos;Alexandria
Femininos;Alexandrina
Femininos;Alexanne
Femininos;Alexia
Femininos;Aléxia
Femininos;Alexis
Femininos;Aléxis
Femininos;Alexya
Femininos;Alfatihah
Femininos;Alhona
Femininos;Alia
Femininos;Ália
Femininos;Aliah
Femininos;Aliana
Femininos;Aliane
Femininos;Aliça
Femininos;Alice
Femininos;Alicia
Femininos;Alícia
Femininos;Aliciana
Femininos;Alicya
Femininos;Aliénor
Femininos;Alifiyah
Femininos;Alimatu
Femininos;Alina
Femininos;Aline
Femininos;Alinne
Femininos;Alis
Femininos;Alisa
Femininos;Alise
Femininos;Alisha
Femininos;Alisia
Femininos;Alisiya
Femininos;Álison
Femininos;Alissa
Femininos;Alissia
Femininos;Alixya
Femininos;Aliya
Femininos;Aliyah
Femininos;Áliyah
Femininos;Aliyha
Femininos;Aliyya
Femininos;Aliza
Femininos;Alizah
Femininos;Alizay
Femininos;Allana
Femininos;Allegra
Femininos;Allet
Femininos;Allexa
Femininos;Allice
Femininos;Allina
Femininos;Alliyah
Femininos;Alma
Femininos;Almerinda
Femininos;Alva
Femininos;Alvina
Femininos;Alya
Femininos;Alyah
Femininos;Alyanna
Femininos;Alycce
Femininos;Alycia
Femininos;Alyha
Femininos;Alyne
Femininos;Alyona
Femininos;Alyse
Femininos;Alysha
Femininos;Alyssa
Femininos;Alyssia
Femininos;Alzira
Femininos;Amaana
Femininos;Amadea
Femininos;Amaia
Femininos;Amaina
Femininos;Amal
Femininos;Amalia
Femininos;Amália
Femininos;Amanda
Femininos;Amandeed
Femininos;Amandla
Femininos;Amara
Femininos;Amarachi
Femininos;Amari
Femininos;Amarílys
Femininos;Amaris
Femininos;Amatullah
Femininos;Âmbar
Femininos;Amber
Femininos;Ambina
Femininos;Amelia
Femininos;Amélia
Femininos;Amelie
Femininos;Amélie
Femininos;Ameriane
Femininos;América
Femininos;Ami
Femininos;Amiela
Femininos;Amilia
Femininos;Amina
Femininos;Aminadabe
Femininos;Áminah
Femininos;Aminata
Femininos;Amira
Femininos;Amirah
Femininos;Amnah
Femininos;Amora
Femininos;Amrit
Femininos;Amritveer
Femininos;Amy
Femininos;Ana
Femininos;Anabel
Femininos;Anabela
Femininos;Anabelle
Femininos;Anabia
Femininos;Anaelle
Femininos;Anagila
Femininos;Anahel
Femininos;Anaíce
Femininos;Anair
Femininos;Anais
Femininos;Anaís
Femininos;Anaïs
Femininos;Anaisa
Femininos;Anaísa
Femininos;Anaise
Femininos;Anaïssa
Femininos;Anaïsse
Femininos;Anaiza
Femininos;Anaíze
Femininos;Ana-Jane
Femininos;Anajulia
Femininos;Analía
Femininos;Analie
Femininos;Analina
Femininos;Analu
Femininos;Analúcia
Femininos;Anam
Femininos;Anamar
Femininos;Anamaria
Femininos;Anami
Femininos;Ananda
Femininos;Ananya
Femininos;Anastacia
Femininos;Anastácia
Femininos;Anastasia
Femininos;Anastasiia
Femininos;Anastasiya
Femininos;Anastassia
Femininos;Anaya
Femininos;Anayah
Femininos;Anayse
Femininos;Andersa
Femininos;Andra
Femininos;Andrada
Femininos;Andra-Ioana
Femininos;Andrea
Femininos;Andréa
Femininos;Andreea
Femininos;Andreia
Femininos;Andreína
Femininos;Andrelys
Femininos;Andresa
Femininos;Andressa
Femininos;Ándressa
Femininos;Ândria
Femininos;Andriana
Femininos;Ândrya
Femininos;Aneira
Femininos;Anelia
Femininos;Anércia
Femininos;Angel
Femininos;Angela
Femininos;Ângela
Femininos;Angelena
Femininos;Angelic
Femininos;Angélica
Femininos;Angelika
Femininos;Angélika
Femininos;Angelina
Femininos;Angélina
Femininos;Angeline
Femininos;Angelini
Femininos;Angie
Femininos;Anglina
Femininos;Angy
Femininos;Anh
Femininos;Ania
Femininos;Ânia
Femininos;Aniana
Femininos;Aniara
Femininos;Anícia
Femininos;Anik
Femininos;Anika
Femininos;Aníria
Femininos;Anisa
Femininos;Anise
Femininos;Anisha
Femininos;Anisia
Femininos;Anísia
Femininos;Anita
Femininos;Aniyah
Femininos;Anna
Femininos;Annabelle
Femininos;Anna-Carolina
Femininos;Annael
Femininos;Annalisa
Femininos;Annalya
Femininos;Annanaya
Femininos;Annaysa
Femininos;Anne
Femininos;Anneliese
Femininos;Annelise
Femininos;Annelys
Femininos;Anneura
Femininos;Anni
Femininos;Annick
Femininos;Annie
Femininos;Anny
Femininos;Annye-Keller
Femininos;Anoek
Femininos;Ansa
Femininos;Antonela
Femininos;Antonella
Femininos;Antonia
Femininos;Antónia
Femininos;Antonieta
Femininos;Anuque
Femininos;Anuradha
Femininos;Anureet
Femininos;Anurroi
Femininos;Anusca
Femininos;Anvika
Femininos;Anya
Femininos;Anyara
Femininos;Anyra
Femininos;Apolline
Femininos;April
Femininos;Aqeela
Femininos;Aqsa
Femininos;Aquila
Femininos;Aralyn
Femininos;Archel
Femininos;Areana
Femininos;Aretta
Femininos;Aria
Femininos;Ária
Femininos;Ariadna
Femininos;Ariadne
Femininos;Ariadnne
Femininos;Ariana
Femininos;Ariane
Femininos;Arianna
Femininos;Arianne
Femininos;Ariany
Femininos;Ariel
Femininos;Ariela
Femininos;Ariele
Femininos;Ariella
Femininos;Arielly
Femininos;Arihanna
Femininos;Arima
Femininos;Arina
Femininos;Arione
Femininos;Arisha
Femininos;Arlete
Femininos;Arlinda
Femininos;Arline
Femininos;Armanda
Femininos;Arnoor
Femininos;Aroa
Femininos;Arohi
Femininos;Aroshi
Femininos;Arsénia
Femininos;Arsh
Femininos;Arshpreet
Femininos;Aruna
Femininos;Arushi
Femininos;Arwa
Femininos;Ary
Femininos;Arya
Femininos;Árya
Femininos;Aryana
Femininos;Aryanna
Femininos;Arybel
Femininos;Aryelle
Femininos;Aryhel
Femininos;Asheley
Femininos;Asheleya
Femininos;Ashley
Femininos;Ashmeet
Femininos;Asmaa
Femininos;Ásmin
Femininos;Assia
Femininos;Assiatou
Femininos;Assiyatou
Femininos;Assma
Femininos;Assmaa
Femininos;Assmah
Femininos;Assnat
Femininos;Assunção
Femininos;Astrid
Femininos;Asvi
Femininos;Atena
Femininos;Athena
Femininos;Atika
Femininos;Audrey
Femininos;Augusta
Femininos;Augustine
Femininos;Aura
Femininos;Aurea
Femininos;Áurea
Femininos;Àurea
Femininos;Aurélia
Femininos;Aurélie
Femininos;Aurora
Femininos;Ava
Femininos;Avelina
Femininos;Aviva
Femininos;Avnoor
Femininos;Avonlea
Femininos;Awayhame
Femininos;Axelle
Femininos;Aya
Femininos;Ayaana
Femininos;Ayan
Femininos;Ayana
Femininos;Ayane
Femininos;Ayani
Femininos;Ayanna
Femininos;Ayanne
Femininos;Ayara
Femininos;Ayat
Femininos;Ayesha
Femininos;Ayhane
Femininos;Ayira
Femininos;Ayla
Femininos;Aylén
Femininos;Aylin
Femininos;Aylla
Femininos;Ayllah
Femininos;Aymê
Femininos;Aynara
Femininos;Aynoah
Femininos;Ayra
Femininos;Aysha
Femininos;Áysha
Femininos;Aysia
Femininos;Aysla
Femininos;Ayssa
Femininos;Ayumi
Femininos;Ayunni
Femininos;Ayushi
Femininos;Azahara
Femininos;Azaria
Femininos;Azenath
Femininos;Azka
Femininos;Azul
Femininos;Baani
Femininos;Bailo
Femininos;Bani
Femininos;Baran
Femininos;Barbara
Femininos;Bárbara
Femininos;Bareeha
Femininos;Bareerah
Femininos;Basant
Femininos;Bassiratu
Femininos;Bayan
Femininos;Beatrice
Femininos;Béatrice
Femininos;Beatris
Femininos;Beatrise
Femininos;Beatrix
Femininos;Beatriz
Femininos;Beatriz-Elena
Femininos;Bebiana
Femininos;Bela
Femininos;Belen
Femininos;Belén
Femininos;Beline
Femininos;Belisa
Femininos;Bella
Femininos;Belle
Femininos;Belmira
Femininos;Benedita
Femininos;Benice
Femininos;Benigna
Femininos;Bercina
Femininos;Berenice
Femininos;Berfin
Femininos;Bernadette
Femininos;Bernardette
Femininos;Bernardina
Femininos;Berta
Femininos;Betânia
Femininos;Bethany
Femininos;Betina
Femininos;Béyoncé
Femininos;Bhagyasheree
Femininos;Bhavini
Femininos;Bhavnoor
Femininos;Bia
Femininos;Biana
Femininos;Bianca
Femininos;Biani
Femininos;Bianka
Femininos;Biatriz
Femininos;Bibiana
Femininos;Biia
Femininos;Bilguissa
Femininos;Binta
Femininos;Binto
Femininos;Bintou
Femininos;Biyu
Femininos;Blaydeti
Femininos;Blendcy
Femininos;Blessing
Femininos;Bohdana
Femininos;Bourou
Femininos;Branca
Femininos;Breanne
Femininos;Brearna
Femininos;Brenda
Femininos;Briana
Femininos;Brianna
Femininos;Brighitte
Femininos;Brígida
Femininos;Brigite
Femininos;Britney
Femininos;Briza
Femininos;Bronoéalfate
Femininos;Brooklyn
Femininos;Bruna
Femininos;Bryan
Femininos;Bryana
Femininos;Bryanna
Femininos;Buia
Femininos;Byanca
Femininos;Cadi
Femininos;Cadiatou
Femininos;Cadidjato
Femininos;Cadidjatú
Femininos;Cadija
Femininos;Cadijá
Femininos;Cadijato
Femininos;Cadijatu
Femininos;Caetana
Femininos;Caia
Femininos;Caitlin
Femininos;Cali
Femininos;Calie
Femininos;Calli
Femininos;Callista
Femininos;Camélia
Femininos;Camila
Femininos;Camilia
Femininos;Camilla
Femininos;Camille
Femininos;Candice
Femininos;Cândida
Femininos;Candy
Femininos;Caoilinn
Femininos;Capucine
Femininos;Cáren
Femininos;Carina
Femininos;Carine
Femininos;Carisa
Femininos;Carla
Femininos;Carlene
Femininos;Carlize
Femininos;Carlos
Femininos;Carlota
Femininos;Carlotta
Femininos;Carmel
Femininos;Carmen
Femininos;Cármen
Femininos;Carmina
Femininos;Cármina
Femininos;Carminda
Femininos;Carminho
Femininos;Carmo
Femininos;Carol
Femininos;Carole
Femininos;Carolina
Femininos;Caroline
Femininos;Casey
Femininos;Casimira
Femininos;Cassandra
Femininos;Cassia
Femininos;Cássia
Femininos;Cassilda
Femininos;Cataleia
Femininos;Cataleya
Femininos;Catalina
Femininos;Catalyna
Femininos;Catarina
Femininos;Caterina
Femininos;Cathaleya
Femininos;Catharina
Femininos;Catherine
Femininos;Cathrionna
Femininos;Catia
Femininos;Cátia
Femininos;Catila
Femininos;Catiliana
Femininos;Catrina
Femininos;Cattleya
Femininos;Catyleia
Femininos;Catyliana
Femininos;Cauaren
Femininos;Cayari
Femininos;Cayetana
Femininos;Caylainy
Femininos;Cécile
Femininos;Cecilia
Femininos;Cecília
Femininos;Cecylia
Femininos;Celeste
Femininos;Célia
Femininos;Celina
Femininos;Celine
Femininos;Céline
Femininos;Cellen
Femininos;Celmira
Femininos;Celtiane
Femininos;Cerasela
Femininos;Cereja
Femininos;Cesaltina
Femininos;Céu
Femininos;Chanda
Femininos;Chanel
Femininos;Chanell
Femininos;Chantal
Femininos;Chantel
Femininos;Chantell
Femininos;Charlene
Femininos;Charlie
Femininos;Charlize
Femininos;Charlotte
Femininos;Cheila
Femininos;Cheilly
Femininos;Chelsea
Femininos;Chelsy
Femininos;Chen
Femininos;Cheng
Femininos;Cheok
Femininos;Cheslsy
Femininos;Chevelle
Femininos;Chi
Femininos;Chiara
Femininos;Chimalavera
Femininos;Chin
Femininos;Chisom
Femininos;Chloe
Femininos;Chloé
Femininos;Chloë
Femininos;Chlöe
Femininos;Chreshta
Femininos;Chrisângella
Femininos;Christa
Femininos;Christiane
Femininos;Christianna
Femininos;Christianne
Femininos;Christiany
Femininos;Christina
Femininos;Christine
Femininos;Ciana
Femininos;Ciara
Femininos;Ciàra
Femininos;Cibele
Femininos;Cibelle
Femininos;Cidália
Femininos;Ciline
Femininos;Ciliza
Femininos;Cinara
Femininos;Cínara
Femininos;Cindy
Femininos;Cinthia
Femininos;Cinthya
Femininos;Cíntia
Femininos;Cintra
Femininos;Cintya
Femininos;Cirila
Femininos;Citlali
Femininos;Claire
Femininos;Clara
Femininos;CLara
Femininos;Clare
Femininos;Clarice
Femininos;Clarina
Femininos;Clarinha
Femininos;Clarissa
Femininos;Clarisse
Femininos;Claudemira
Femininos;Claudia
Femininos;Claúdia
Femininos;Cláudia
Femininos;Claudiana
Femininos;Claudine
Femininos;Cleia
Femininos;Cleide
Femininos;Cleidiane
Femininos;Cleiliana
Femininos;Clementine
Femininos;Cleo
Femininos;Cléo
Femininos;Cleonice
Femininos;Cleopatra
Femininos;Cleópatra
Femininos;Cloe
Femininos;Cloé
Femininos;Cloë
Femininos;Clotilde
Femininos;Codruta
Femininos;Conceição
Femininos;Concha
Femininos;Constança
Femininos;Constânça
Femininos;Constance
Femininos;Constância
Femininos;Constantina
Femininos;Constanza
Femininos;Contança
Femininos;Cora
Femininos;Coraima
Femininos;CoraMae
Femininos;Corina
Femininos;Corine
Femininos;Crécia
Femininos;Cremilda
Femininos;Crisleidy
Femininos;Crismara
Femininos;Crissia
Femininos;Cristal
Femininos;Cristela
Femininos;Cristele
Femininos;Cristhieny
Femininos;Cristiana
Femininos;Cristiane
Femininos;Cristielle
Femininos;Cristina
Femininos;Crizal
Femininos;Crizelle
Femininos;Crystal
Femininos;Cyara
Femininos;Cynthia
Femininos;Cyntia
Femininos;Dadiva
Femininos;Dádiva
Femininos;Dadivania
Femininos;Dadivina
Femininos;Daenerys
Femininos;Dafeny
Femininos;Dafne
Femininos;Dafny
Femininos;Dahira
Femininos;Dahlia
Femininos;Daiana
Femininos;Daiane
Femininos;Daiany
Femininos;Daina
Femininos;Dainy
Femininos;Daisa
Femininos;Daisi
Femininos;Daisy
Femininos;Daivania
Femininos;Daizara
Femininos;Daizy
Femininos;Dakota
Femininos;Dalanda
Femininos;Dália
Femininos;Daliana
Femininos;Dalila
Femininos;Dalinda
Femininos;Dámaris
Femininos;Damarys
Femininos;Damiana
Femininos;Dana
Femininos;Danacan
Femininos;Dania
Femininos;Dânia
Femininos;Daniana
Femininos;Daniela
Femininos;Daniella
Femininos;Danielle
Femininos;Danielly
Femininos;Daniely
Femininos;Danien
Femininos;Danika
Femininos;Danya
Femininos;Danyele
Femininos;Dara
Femininos;Daria
Femininos;Dária
Femininos;Dariana
Femininos;Dáriane
Femininos;Darina
Femininos;Dariya
Femininos;Darlynn
Femininos;Darpana
Femininos;Daryna
Femininos;Dássia
Femininos;Daviany
Femininos;Dayana
Femininos;Dayane
Femininos;Dayanna
Femininos;Dayanne
Femininos;Daylin
Femininos;Daymara
Femininos;Dayol
Femininos;Dayra
Femininos;Dazchelin
Femininos;Debbora
Femininos;Debora
Femininos;Débora
Femininos;Deborah
Femininos;Déborah
Femininos;Debra
Femininos;Deegbi
Femininos;Deesha
Femininos;Deise
Femininos;Deisy
Femininos;Dejanira
Femininos;Delailah
Femininos;Delia
Femininos;Délia
Femininos;Deliandra
Femininos;Delilah
Femininos;Delimara
Femininos;Delmira
Femininos;Dena
Femininos;Denilsa
Femininos;Denisa
Femininos;Denise
Femininos;Denitsha
Femininos;Densi
Femininos;Denysa
Femininos;Denyse
Femininos;Deolinda
Femininos;Derysa
Femininos;Desidéria
Femininos;Desiree
Femininos;Destiny
Femininos;Deusa
Femininos;Deva
Femininos;Devanshi
Femininos;Devisha
Femininos;Devni
Femininos;Deya
Femininos;Deyse
Femininos;Dezayre
Femininos;Dhani
Femininos;Dhanvi
Femininos;Dhara
Femininos;Dharmi
Femininos;Dharyani
Femininos;Dhiya
Femininos;Dhiyanshi
Femininos;Dhriti
Femininos;Dhruvi
Femininos;Dhvity
Femininos;Diamantina
Femininos;Diana
Femininos;Diane
Femininos;Dianna
Femininos;Diany
Femininos;Diara
Femininos;Dídia
Femininos;Didiana
Femininos;Dilara
Femininos;Dianna
Femininos;Diany
Femininos;Diara
Femininos;Dídia
Femininos;Didiana
Femininos;Dilara
Femininos;Dilca
Femininos;Diliana
Femininos;Dilma
Femininos;Dilreet
Femininos;Dilsa
Femininos;Dimana
Femininos;Dina
Femininos;Dineia
Femininos;Dinora
Femininos;Diócadun
Femininos;Diolinda
Femininos;Dione
Femininos;Diriane
Femininos;Dirsha
Femininos;Disha
Femininos;Dishti
Femininos;Diva
Femininos;Divija
Femininos;Diya
Femininos;Diza
Femininos;Djacqueline
Femininos;Djalayne
Femininos;Djalvin
Femininos;Djamila
Femininos;Djanira
Femininos;Djara
Femininos;Djariato
Femininos;Djaymily
Femininos;Djeisia
Femininos;Djenabo
Femininos;Djenabu
Femininos;Djenabú
Femininos;Djenifer
Femininos;Djeny
Femininos;Djenyfer
Femininos;Djestiny
Femininos;Djucu
Femininos;Dolores
Femininos;Domingas
Femininos;Dominica
Femininos;Dominika
Femininos;Donatella
Femininos;Dora
Femininos;Doralice
Femininos;Doriana
Femininos;Dóris
Femininos;Douaa
Femininos;Douãa
Femininos;Dounia
Femininos;Drashti
Femininos;Dricla
Femininos;Drisha
Femininos;Drishya
Femininos;Duana
Femininos;Ducelma
Femininos;Dulce
Femininos;Dulcineia
Femininos;Duna
Femininos;Dúnia
Femininos;Dyana
Femininos;Dyanna
Femininos;Dyanne
Femininos;Dylara
Femininos;Eárine
Femininos;Earyne
Femininos;Ebenézer
Femininos;Ecaterina
Femininos;Edda
Femininos;Edeleny
Femininos;Eden
Femininos;Ediana
Femininos;Edilene
Femininos;Edilssa
Femininos;Edilzy
Femininos;Edina
Femininos;Edine
Femininos;Edineusa
Femininos;Edite
Femininos;Edith
Femininos;Edlynne
Femininos;Edmara
Femininos;Edmaya
Femininos;Edna
Femininos;Ednaiza
Femininos;Ednara
Femininos;Eduarda
Femininos;Edzana
Femininos;Egali
Femininos;Eiman
Femininos;Eishal
Femininos;Ekamdeep
Femininos;Ekaterina
Femininos;Eknoor
Femininos;Elaina
Femininos;Elaine
Femininos;Elainy
Femininos;Elaisa
Femininos;Elana
Femininos;Elany
Femininos;Elayna
Femininos;Elayne
Femininos;Elcy
Femininos;Eléa
Femininos;Eleana
Femininos;Eleanor
Femininos;Electra
Femininos;Eleine
Femininos;Elena
Femininos;Eléna
Femininos;Eleni
Femininos;Eléni
Femininos;Elenna
Femininos;Eleonor
Femininos;Eleonora
Femininos;Eléonore
Femininos;Elettra
Femininos;Elga
Femininos;Elia
Femininos;Élia
Femininos;Èlia
Femininos;Eliana
Femininos;Eliane
Femininos;Elianna
Femininos;Elianne
Femininos;Eliany
Femininos;Eliara
Femininos;Élice
Femininos;Eliciane
Femininos;Elieta
Femininos;Eliete
Femininos;Elikia
Femininos;Elikya
Femininos;Elín
Femininos;Élin
Femininos;Elina
Femininos;Eline
Femininos;Elines
Femininos;Elinise
Femininos;Eliny
Femininos;Elioenai
Femininos;Elis
Femininos;Élis
Femininos;Elisa
Femininos;Élisa
Femininos;Elisabete
Femininos;Elisabeth
Femininos;Elisama
Femininos;Elisângela
Femininos;Elise
Femininos;Elisete
Femininos;Elishka
Femininos;Elísia
Femininos;Elisiane
Femininos;Elissa
Femininos;Eliza
Femininos;Elizabet
Femininos;Elizabete
Femininos;Elizabeth
Femininos;Elizangila
Femininos;Elizaveta
Femininos;Ella
Femininos;Ellana
Femininos;Elle
Femininos;Ellen
Femininos;Ellena
Femininos;Elleonor
Femininos;Ellia
Femininos;Elliane
Femininos;Ellie
Femininos;Ellie-Rosa
Femininos;Elloa
Femininos;Elly
Femininos;Ellyn
Femininos;Elma
Femininos;Elmara
Femininos;Elmusa
Femininos;Elnor
Femininos;Eloá
Femininos;Eloah
Femininos;Elodie
Femininos;Elody
Femininos;Eloisa
Femininos;Eloise
Femininos;Eloïse
Femininos;Elona
Femininos;Elora
Femininos;Elsa
Femininos;Elsiane
Femininos;Eluane
Femininos;Elvira
Femininos;Elya
Femininos;Elyana
Femininos;Elyane
Femininos;Elyanna
Femininos;Elyanne
Femininos;Elyne
Femininos;Elynthia
Femininos;Elysia
Femininos;Elzira
Femininos;Ema
Femininos;Éma
Femininos;Emaly
Femininos;Emannuelly
Femininos;Emanuela
Femininos;Emanuella
Femininos;Emanuelle
Femininos;Emanuelly
Femininos;Emeli
Femininos;Emeliah
Femininos;Emelie
Femininos;Emely
Femininos;Emi
Femininos;Emie
Femininos;Emilia
Femininos;Emília
Femininos;Emiliana
Femininos;Emilie
Femininos;Emilly
Femininos;Émilly
Femininos;Emily
Femininos;Émily
Femininos;Emma
Femininos;Emmanuela
Femininos;Emmely
Femininos;Emmy
Femininos;Emy
Femininos;Emylle
Femininos;En
Femininos;Enalia
Femininos;Énia
Femininos;Enily
Femininos;Eniraide
Femininos;Enola
Femininos;Enora
Femininos;Enya
Femininos;Enzel
Femininos;Eriana
Femininos;Erica
Femininos;Érica
Femininos;Eridana
Femininos;Erika
Femininos;Érika
Femininos;Erin
Femininos;Erioluwa
Femininos;Eriwana
Femininos;Ermelinda
Femininos;Ermy
Femininos;Eryka
Femininos;Esenia
Femininos;Esha
Femininos;Eshaal
Femininos;Eshal
Femininos;Esita
Femininos;Esmeralda
Femininos;Esperança
Femininos;Esperanza
Femininos;Estefani
Femininos;Estefania
Femininos;Estefânia
Femininos;Estefany
Femininos;Estéfica
Femininos;Estela
Femininos;Estelle
Femininos;Estephanie
Femininos;Ester
Femininos;Estér
Femininos;Esther
Femininos;Estrela
Femininos;Estréla-Marina
Femininos;Estrella
Femininos;Estrelle
Femininos;Etsana
Femininos;Euclidiana
Femininos;Eugenia
Femininos;Eugénia
Femininos;Eukene
Femininos;Eulália
Femininos;Eunice
Femininos;Euridce
Femininos;Eva
Femininos;Éva
Femininos;Evalyn
Femininos;Evandra
Femininos;Evandra
Femininos;Evania
Femininos;Evanyce
Femininos;Evdokia
Femininos;Evelin
Femininos;Evelina
Femininos;Eveline
Femininos;Evellyn
Femininos;Evely
Femininos;Evelyn
Femininos;Évelyn
Femininos;Evelyne
Femininos;Evilly
Femininos;Evolet
Femininos;Ewa
Femininos;Excel
Femininos;Eyla
Femininos;Eyva
Femininos;Ezel
Femininos;Ezequiela
Femininos;Ezesandra
Femininos;Ezinne
Femininos;Ezly
Femininos;Ezra
Femininos;Faaiza
Femininos;Faatima
Femininos;Faatimah
Femininos;Fábia
Femininos;Fabiana
Femininos;Fabielli
Femininos;Fábio
Femininos;Fabíola
Femininos;Fabrícia
Femininos;Fabrizia
Femininos;Fabyene
Femininos;Fadia
Femininos;Fahisa
Femininos;Faira
Femininos;Faith
Femininos;Faiza
Femininos;Fajar
Femininos;Fanta
Femininos;Farah
Femininos;Fareedah
Femininos;Farha
Femininos;Farrah
Femininos;Fateh
Femininos;Fatiany
Femininos;Fatiha
Femininos;Fatima
Femininos;Fátima
Femininos;Fatimatou
Femininos;Fatima-Zahara
Femininos;Fatma
Femininos;Fatou
Femininos;Fatoumata
Femininos;Fatu
Femininos;Fatumata
Femininos;Faustina
Femininos;Fedra
Femininos;Felicia
Femininos;Felícia
Femininos;Felisberta
Femininos;Fénix
Femininos;Feriel
Femininos;Fernanda
Femininos;Fia
Femininos;Filipa
Femininos;Filippa
Femininos;Filomena
Femininos;Filza
Femininos;Fiona
Femininos;Fiorella
Femininos;Firdaws
Femininos;Flavia
Femininos;Flávia
Femininos;Flor
Femininos;Flora
Femininos;Florbela
Femininos;Florence
Femininos;Florencia
Femininos;Florentina
Femininos;Florinda
Femininos;Floy
Femininos;Foram
Femininos;Francelina
Femininos;Francesca
Femininos;Francine
Femininos;Francisa
Femininos;Francisca
Femininos;Frankie
Femininos;Franziska
Femininos;Frederica
Femininos;Frida
Femininos;Fylipa
Femininos;Gabi
Femininos;Gabriela
Femininos;Gabriella
Femininos;Gabrielle
Femininos;Gabrielly
Femininos;Gabriely
Femininos;Gael
Femininos;Gaia
Femininos;Gaïa
Femininos;Gaitana
Femininos;Gara
Femininos;Gavin
Femininos;Geanina
Femininos;Geisa
Femininos;Geiza
Femininos;Gelciline
Femininos;Gelcyara
Femininos;Gélsia
Femininos;Gema
Femininos;Genciane
Femininos;Genésia
Femininos;Génesis
Femininos;Gênesis
Femininos;Geneza
Femininos;Génises
Femininos;Georgeta
Femininos;Geórgia
Femininos;Georgiana
Femininos;Georgina
Femininos;Geovana
Femininos;Geovanna
Femininos;Geralda
Femininos;Gernaísa
Femininos;Gerulza
Femininos;Giada
Femininos;Giana
Femininos;Gianna
Femininos;Gianny
Femininos;Gilda
Femininos;Gilmara
Femininos;Gilsa
Femininos;Gina
Femininos;Giovana
Femininos;Giovanna
Femininos;Girisha
Femininos;Gisela
Femininos;Gisele
Femininos;Giselle
Femininos;Gislane
Femininos;Gislene
Femininos;Giulia
Femininos;Giuliana
Femininos;Glaúcia
Femininos;Glaucivania
Femininos;Glenda
Femininos;Gloria
Femininos;Glória
Femininos;Goreti
Femininos;Grabriela
Femininos;Graça
Femininos;Grace
Femininos;Graciana
Femininos;Graciani
Femininos;Graciela
Femininos;Graciete
Femininos;Gracinda
Femininos;Grazielly
Femininos;Greer
Femininos;Greice
Femininos;Greicekelly
Femininos;Guadalupe
Femininos;Gudusuaina
Femininos;Guilhermina
Femininos;Guiomar
Femininos;Gulmira
Femininos;Gurash
Femininos;Gurleen
Femininos;Gurmehek
Femininos;Gurnajbir
Femininos;Gurseerat
Femininos;Gursirat
Femininos;Gyselle
Femininos;Haadiya
Femininos;Habigail
Femininos;Hadassa
Femininos;Hadassah
Femininos;Hadiyah
Femininos;Hadiyatou
Femininos;Hadja
Femininos;Hafsa
Femininos;Hailie
Femininos;Haizea
Femininos;Haja
Femininos;Hajar
Femininos;Hala
Femininos;Halana
Femininos;Hália
Femininos;Haliny
Femininos;Hallyssa
Femininos;Halyane
Femininos;Hamda
Femininos;Hana
Femininos;Hanayara
Femininos;Handreia
Femininos;Hang
Femininos;Hania
Femininos;Haniela
Femininos;Haniya
Femininos;Hániyah
Femininos;Hanna
Femininos;Hannah
Femininos;Hansika
Femininos;Hapel
Femininos;Harbin
Femininos;Hareem
Femininos;Hargun
Femininos;Harjot
Femininos;Harkirat
Femininos;Harleen
Femininos;Harneet
Femininos;Harnoor
Femininos;Harper
Femininos;Harpritam
Femininos;Harseerat
Femininos;Harshit
Femininos;Harsiddhi
Femininos;Harsika
Femininos;Harvi
Femininos;Hasana
Femininos;Hasmara
Femininos;Hassanatou
Femininos;Hassatou
Femininos;Havya
Femininos;Hawa
Femininos;Hawwá
Femininos;Haya
Femininos;Hayaa
Femininos;Hayat
Femininos;Hayla
Femininos;Hayley
Femininos;Hazel
Femininos;Haziela
Femininos;Hebe
Femininos;Hedviges
Femininos;Heer
Femininos;Hei
Femininos;Heidi
Femininos;Heidy
Femininos;Heidynazia
Femininos;Helaine
Femininos;Helayne
Femininos;Hélcia
Femininos;Helciany
Femininos;Helda
Femininos;Helen
Femininos;Helena
Femininos;Helena-Edi
Femininos;Helene
Femininos;Helga
Femininos;Hélia
Femininos;Heliamar
Femininos;Heliana
Femininos;Hélida
Femininos;Hellen
Femininos;Hellena
Femininos;Hellieva
Femininos;Helloisa
Femininos;Heloisa
Femininos;Heloísa
Femininos;Heluísa
Femininos;Helyara
Femininos;Hendra
Femininos;Henedina
Femininos;Heni
Femininos;Henriette
Femininos;Henriqueta
Femininos;Hester
Femininos;Hetika
Femininos;Hetvansi
Femininos;Hiba
Femininos;Hibah
Femininos;Hibba
Femininos;Hijab
Femininos;Hilária
Femininos;Hilda
Femininos;Hinal
Femininos;Hinali
Femininos;Hinata
Femininos;Hiral
Femininos;Hiranshi
Femininos;Hiranya
Femininos;Hitakshi
Femininos;Hitisha
Femininos;Hiya
Femininos;Hoi
Femininos;Holi
Femininos;Holly
Femininos;Honey
Femininos;Hoorain
Femininos;Hope
Femininos;Hortênsia
Femininos;Hosanna
Femininos;Hossana
Femininos;Houssainatou
Femininos;Huda
Femininos;Hulematu
Femininos;Humaira
Femininos;Hunaina
Femininos;Hunerpreet
Femininos;Hyndia
Femininos;Hyrina
Femininos;Iamara
Femininos;Ian
Femininos;Iana
Femininos;Ianna
Femininos;Ianny
Femininos;Iao
Femininos;Iara
Femininos;Iarah
Femininos;Iaraslava
Femininos;Iasmin
Femininos;Iasmina
Femininos;Iat
Femininos;Ibadat
Femininos;Idaira
Femininos;Idalete
Femininos;Idália
Femininos;Idalina
Femininos;Idaline
Femininos;Idíane
Femininos;Idiatou
Femininos;Idjatu
Femininos;Ifeoma
Femininos;Ilana
Femininos;Ilara
Femininos;Ilda
Femininos;Ileana
Femininos;Ilektra
Femininos;Ilhaam
Femininos;Iliana
Femininos;Iliane
Femininos;Ilinca
Femininos;Ilithyia
Femininos;Ilizany
Femininos;Ilka
Femininos;Illyana
Femininos;Ilona
Femininos;Ilsa
Femininos;Ilyana
Femininos;Ima
Femininos;Imaan
Femininos;Imara
Femininos;Ina
Femininos;Inaara
Femininos;Inaaya
Femininos;Inái
Femininos;Inaia
Femininos;Inajé
Femininos;Inara
Femininos;Inass
Femininos;Inaya
Femininos;India
Femininos;Índia
Femininos;Indira
Femininos;Indya
Femininos;Ines
Femininos;Inés
Femininos;Inès
Femininos;Inês
Femininos;Inga
Femininos;Ingrid
Femininos;Íngride
Femininos;Inia
Femininos;Inna
Femininos;Ioana
Femininos;Ioanna
Femininos;Iok
Femininos;Iolanda
Femininos;Ionara
Femininos;Ionela
Femininos;Iqra
Femininos;Iracema
Femininos;Irada
Femininos;Iraê
Femininos;Irene
Femininos;Irha
Femininos;Iria
Femininos;Iriana
Femininos;Irina
Femininos;Iris
Femininos;Irís
Femininos;Íris
Femininos;íris
Femininos;Ìris
Femininos;Irley
Femininos;Iryna
Femininos;Isa
Femininos;Isabel
Femininos;Isabela
Femininos;Isabele
Femininos;Isabelina
Femininos;Isabella
Femininos;Isabelle
Femininos;Isabelli
Femininos;Isabelly
Femininos;Isabely
Femininos;Isadora
Femininos;Isamara
Femininos;Isatou
Femininos;Isaura
Femininos;Ishani
Femininos;Ishika
Femininos;Ishtmeet
Femininos;Isilda
Femininos;Isis
Femininos;Isís
Femininos;Ísis
Femininos;Isla
Femininos;Ismaela
Femininos;Ismália
Femininos;Ismara
Femininos;Ismeria
Femininos;Isoke
Femininos;Isra
Femininos;Israa
Femininos;Itamara
Femininos;Itiane
Femininos;Itzayana
Femininos;Itzel
Femininos;Iva
Femininos;Ivaldira
Femininos;Ivana
Femininos;Ivandra
Femininos;Ivânia
Femininos;Ivanise
Femininos;Ivanka
Femininos;Ivanna
Femininos;Ivanne
Femininos;Ivete
Femininos;Ivie
Femininos;Ivone
Femininos;Ivory
Femininos;Ivy
Femininos;Izabel
Femininos;Izabela
Femininos;Izabella
Femininos;Izadora
Femininos;Izaine
Femininos;Izidora
Femininos;Jaciara
Femininos;Jacinta
Femininos;Jacira
Femininos;Jackline
Femininos;Jacqueline
Femininos;Jacyara
Femininos;Jacymiilly
Femininos;Jada
Femininos;Jaddy
Femininos;Jade
Femininos;Jade-Noémi
Femininos;Jady
Femininos;Jael
Femininos;Jaiane
Femininos;Jaidee
Femininos;Jailma
Femininos;Jailsa
Femininos;Jaine
Femininos;Jainisha
Femininos;Jalica
Femininos;Jalny
Femininos;Jamilly
Femininos;Jamily
Femininos;Jana
Femininos;Janaina
Femininos;Janaína
Femininos;Janajane
Femininos;Jandira
Femininos;Jandria
Femininos;Jane
Femininos;Jane-Grace
Femininos;Janejana
Femininos;Janelle
Femininos;Janete
Femininos;Jani
Femininos;Janice
Femininos;Janilza
Femininos;Janina
Femininos;Janine
Femininos;Janira
Femininos;Janircia
Femininos;Janisis
Femininos;Janna
Femininos;Jannah
Femininos;Jannat
Femininos;Jannatpreet
Femininos;Jannatul
Femininos;Janne
Femininos;Japjot
Femininos;Japleen
Femininos;Jaqueline
Femininos;Jaqui
Femininos;Járcia
Femininos;Jashandeep
Femininos;Jasira
Femininos;Jaskirat
Femininos;Jasleen
Femininos;Jaslyn
Femininos;Jasmeen
Femininos;Jasmeet
Femininos;Jasmim
Femininos;Jasmin
Femininos;Jasmina
Femininos;Jasmine
Femininos;Jasnoor
Femininos;Jassira
Femininos;Jaya
Femininos;Jayara
Femininos;Jaycee
Femininos;Jayde
Femininos;Jaydin
Femininos;Jaylee
Femininos;Jazmin
Femininos;Jazzmine
Femininos;Jeana
Femininos;Jeanete
Femininos;Jeanine
Femininos;Jeanne
Femininos;Jeany
Femininos;Jeckliny
Femininos;Jeidy
Femininos;Jeisiane
Femininos;Jemima
Femininos;Jéni
Femininos;Jenifer
Femininos;Jénifer
Femininos;Jeniffer
Femininos;Jennifer
Femininos;Jenny
Femininos;Jennyfer
Femininos;Jeny
Femininos;Jeovania
Femininos;Jerónima
Femininos;Jerusa
Femininos;Jessana
Femininos;Jessiane
Femininos;Jessica
Femininos;Jéssica
Femininos;Jessie
Femininos;Jessy
Femininos;Jessyca
Femininos;Jéssyca
Femininos;Jewel
Femininos;Jeysse
Femininos;Jezabel
Femininos;Jhennifer
Femininos;Jhulli
Femininos;Jia
Femininos;Jigisha
Femininos;Jihane
Femininos;Jil
Femininos;Jilsiany
Femininos;Jinal
Femininos;Jing
Femininos;Jiya
Femininos;Joadmila
Femininos;Joalete
Femininos;Joana
Femininos;Joaninha
Femininos;Joanna
Femininos;Joaquim
Femininos;Joaquina
Femininos;Joceane
Femininos;Joceline
Femininos;Jocelyn
Femininos;Jocyana
Femininos;Jocyara
Femininos;Jodelsia
Femininos;Joelly
Femininos;Joelma
Femininos;Johaina
Femininos;Johanna
Femininos;Johanna-Sophie
Femininos;Joi
Femininos;Joice
Femininos;Joicimara
Femininos;Joicy
Femininos;Jomila-Lucía
Femininos;Jonyfer
Femininos;Joquebede
Femininos;Joraide
Femininos;Jordana
Femininos;Jordanna
Femininos;Josana
Femininos;José
Femininos;Joseandra
Femininos;Joseane
Femininos;Joseanne
Femininos;Josefa
Femininos;Josefina
Femininos;Josélia
Femininos;Joselina
Femininos;Josemara
Femininos;Josiana
Femininos;Josiane
Femininos;Josianne
Femininos;Josiany
Femininos;Josy
Femininos;Joti
Femininos;Jovana
Femininos;Joya
Femininos;Joyce
Femininos;Joyciane
Femininos;Jozefina
Femininos;Juanita
Femininos;Juceila
Femininos;Jucelene
Femininos;Jucemara
Femininos;Judite
Femininos;Juisney
Femininos;Juli
Femininos;Julia
Femininos;Júlia
Femininos;Juliana
Femininos;Julianna
Femininos;Juliany
Femininos;Julie
Femininos;Juliê
Femininos;Julieta
Femininos;Julieth
Femininos;Juliette
Femininos;Juline
Femininos;Julinha
Femininos;Jullia
Femininos;Jullyana
Femininos;Jumina
Femininos;June
Femininos;Júnia
Femininos;Juno
Femininos;Jusilene
Femininos;Jussara
Femininos;Justa
Femininos;Justýna
Femininos;Juweyriyah
Femininos;Jysea
Femininos;Ka
Femininos;Kadiatou
Femininos;Kadidjatou
Femininos;Kadija
Femininos;Kadijah
Femininos;Kaela
Femininos;Kaelynn
Femininos;Kai
Femininos;Kailane
Femininos;Kailani
Femininos;Kailanny
Femininos;Kailany
Femininos;Kaily
Femininos;Kaira
Femininos;Kairos
Femininos;Kaitlyn
Femininos;Kajatou
Femininos;Kalissy
Femininos;Kalyani
Femininos;Kamila
Femininos;Kámilah
Femininos;Kamile
Femininos;Kamilla
Femininos;Kamilly
Femininos;Kámya
Femininos;Kanika
Femininos;Kaniksha
Femininos;Kanisha
Femininos;Kanizfatema
Femininos;Kareen
Femininos;Kareena
Femininos;Karen
Femininos;Karima
Femininos;Karime
Femininos;Karin
Femininos;Karina
Femininos;Karine
Femininos;Karinna
Femininos;Karisa
Femininos;Karmjot
Femininos;Karol
Femininos;Karolina
Femininos;Karoline
Femininos;Karoliny
Femininos;Karolyna
Femininos;Karynne
Femininos;Kashfiya
Femininos;Kashmala
Femininos;Kassia
Femininos;Kássia
Femininos;Kassie
Femininos;Kassimara
Femininos;Kaniksha
Femininos;Kanisha
Femininos;Kanizfatema
Femininos;Kareen
Femininos;Kareena
Femininos;Karen
Femininos;Karima
Femininos;Karime
Femininos;Karin
Femininos;Karina
Femininos;Karine
Femininos;Karinna
Femininos;Karisa
Femininos;Karmjot
Femininos;Karol
Femininos;Karolina
Femininos;Karoline
Femininos;Karoliny
Femininos;Karolyna
Femininos;Karynne
Femininos;Kashfiya
Femininos;Kashmala
Femininos;Kassia
Femininos;Kássia
Femininos;Kassie
Femininos;Kassimara
Femininos;Kássya
Femininos;Kâssya
Femininos;Kataleya
Femininos;Katalleya
Femininos;Katalya
Femininos;Katarina
Femininos;Kate
Femininos;Katelynn
Femininos;Katerin
Femininos;Katerina
Femininos;Katharina
Femininos;Katherine
Femininos;Kathleen
Femininos;Kathrine
Femininos;Kathryn
Femininos;Kathya
Femininos;Katia
Femininos;Kátia
Femininos;Katie
Femininos;Katlin
Femininos;Katrin
Femininos;Kattleya
Femininos;Katty
Femininos;Kauana
Femininos;Kausar
Femininos;Kavya
Femininos;Kawiny
Femininos;Kaya
Femininos;Kayani
Femininos;Kayannie
Femininos;Kayara
Femininos;Kayla
Femininos;Kaylane
Femininos;Kaylee
Femininos;Kayleen
Femininos;Kayleigh
Femininos;Kaylen
Femininos;Kaylie
Femininos;Kaylin
Femininos;Kaylla
Femininos;Kayna
Femininos;Kayra
Femininos;Kayssa
Femininos;Kédiany
Femininos;Keiko
Femininos;Keila
Femininos;Keilane
Femininos;Keilany
Femininos;Keilly
Femininos;Keimilly
Femininos;Keira
Femininos;Keissim
Femininos;Keissy
Femininos;Keity
Femininos;Kelen
Femininos;Kélia
Femininos;Keliane
Femininos;Kellen
Femininos;Kelly
Femininos;kelly
Femininos;KellY
Femininos;Kellya
Femininos;Kellyane
Femininos;Kellyn
Femininos;Kellyne
Femininos;Kelmy
Femininos;Kelshia
Femininos;Kélsia
Femininos;Kelsie
Femininos;Kelsy
Femininos;Kely
Femininos;Kélya
Femininos;Këlya
Femininos;Kemilly
Femininos;Kemily
Femininos;Kendall
Femininos;Kendra
Femininos;Kênia
Femininos;Kentia
Femininos;Kenya
Femininos;Kenza
Femininos;Kenzi
Femininos;Kenzie
Femininos;Kéren
Femininos;Kérinha
Femininos;Késia
Femininos;Kessia
Femininos;Késsia
Femininos;Kessyah
Femininos;Kethellen
Femininos;Ketleliny
Femininos;Ketley
Femininos;Kevna
Femininos;Keya
Femininos;Keyanna
Femininos;Keyla
Femininos;Keyliane
Femininos;Keylla
Femininos;Keyna
Femininos;Keynara
Femininos;Kezia
Femininos;Keziah
Femininos;Khadidiato
Femininos;Khadidiatou
Femininos;Khadija
Femininos;Khaila
Femininos;Khaleesi
Femininos;Khalisa
Femininos;Kharen
Femininos;Khatija
Femininos;Khatijah
Femininos;Khayla
Femininos;Khaymara
Femininos;Kherunissa
Femininos;Kheylla
Femininos;Khiara
Femininos;Khiiara
Femininos;Khizra
Femininos;Khloe
Femininos;Khloé
Femininos;Khushi
Femininos;Khushman
Femininos;Khushpreet
Femininos;Khusi
Femininos;Khyara
Femininos;Kiami
Femininos;Kiamy
Femininos;Kianna
Femininos;Kiany
Femininos;Kiara
Femininos;kiara
Femininos;Kidiana
Femininos;Kielle
Femininos;Kiendra
Femininos;Kiesse
Femininos;Kieza
Femininos;Kihara
Femininos;Kiláry
Femininos;Kimberley
Femininos;Kimberly
Femininos;Kimora
Femininos;Kinia
Femininos;Kira
Femininos;Kishani
Femininos;Kissia
Femininos;Kiuma
Femininos;Klara
Femininos;Klaudia
Femininos;Kleio
Femininos;Klementyna
Femininos;Kléo
Femininos;Klery
Femininos;Komal
Femininos;Kripa
Femininos;Krisha
Femininos;Krishna
Femininos;Krishti
Femininos;Krisma
Femininos;Kristal
Femininos;Kristelle
Femininos;Kristi
Femininos;Kristina
Femininos;Krittika
Femininos;Krushangi
Femininos;Krutgna
Femininos;Krystal
Femininos;Kulthum
Femininos;Kyana
Femininos;Kyanna
Femininos;Kyanni
Femininos;Kyara
Femininos;kyara
Femininos;Kyarah
Femininos;Kyesse
Femininos;Kygia
Femininos;Kyla
Femininos;Kylie
Femininos;Kynara
Femininos;Kyomara
Femininos;Lace
Femininos;Lacey
Femininos;Laércia
Femininos;Laeticia
Femininos;Laetitia
Femininos;Laëtitia
Femininos;Laia
Femininos;Laibah
Femininos;Laidija
Femininos;Laila
Femininos;Laïlana
Femininos;Laima
Femininos;Laine
Femininos;Lais
Femininos;Laís
Femininos;Laisa
Femininos;Laissa
Femininos;Laíssa
Femininos;Laiyanne
Femininos;Laíz
Femininos;Laizi
Femininos;Lakisha
Femininos;Lakshmi
Femininos;Laksmi
Femininos;Laly
Femininos;Lamisa
Femininos;Lana
Femininos;Lanica
Femininos;Lânica
Femininos;Lanna
Femininos;Lannah
Femininos;Lara
Femininos;Larayumi
Femininos;Lariana
Femininos;Lariane
Femininos;Larisa
Femininos;Larissa
Femininos;Láriza
Femininos;Larysa
Femininos;Laryssa
Femininos;Lasilis
Femininos;Lathifa
Femininos;Latifa
Femininos;Latifah
Femininos;Lauane
Femininos;Lauanny
Femininos;Laura
Femininos;Laureana
Femininos;Laureen
Femininos;Lauren
Femininos;Laurena
Femininos;Lauréna
Femininos;Laurene
Femininos;Laurent
Femininos;Laurentina
Femininos;Lauriana
Femininos;Laurinda
Femininos;Lauryane
Femininos;Lauryn
Femininos;Lavinia
Femininos;Lavínia
Femininos;Lavonne
Femininos;Lawan
Femininos;Laya
Femininos;Layane
Femininos;Layanna
Femininos;Layanne
Femininos;Layara
Femininos;Layena
Femininos;Layla
Femininos;Layne
Femininos;Layra
Femininos;Laysa
Femininos;Laysla
Femininos;Layssa
Femininos;Le
Femininos;Lea
Femininos;Léa
Femininos;Leah
Femininos;Léah
Femininos;Lêan
Femininos;Leana
Femininos;Léana
Femininos;Leandra
Femininos;Léandra
Femininos;Leane
Femininos;Léane
Femininos;Leanje
Femininos;Leanna
Femininos;Léanna
Femininos;Léanor
Femininos;Lecticia
Femininos;Lectícia
Femininos;Leena
Femininos;Leia
Femininos;Leidivan
Femininos;Leila
Femininos;Leire
Femininos;Leiza
Femininos;Lekbira
Femininos;Lemba
Femininos;Lena
Femininos;Léna
Femininos;Lénia
Femininos;Lenicy
Femininos;Lenin
Femininos;Lenise
Femininos;Lenora
Femininos;Leocádia
Femininos;Leomara
Femininos;Leona
Femininos;Leonara
Femininos;Leone
Femininos;Léone
Femininos;Leonela
Femininos;Leonella
Femininos;Leónia
Femininos;Léonie
Femininos;Leonilde
Femininos;Leonna
Femininos;Leonnor
Femininos;Leonny
Femininos;Leonor
Femininos;Leonôr
Femininos;Léonor
Femininos;Leonora
Femininos;Leontina
Femininos;Léopoldine
Femininos;Leslie
Femininos;Lethicia
Femininos;Lethícia
Femininos;Lethycia
Femininos;Leticia
Femininos;Letícia
Femininos;Léticia
Femininos;Leticya
Femininos;Letielly
Femininos;Letissia
Femininos;Letizia
Femininos;Letízia
Femininos;Levi-Jordan
Femininos;Lexie
Femininos;Leya
Femininos;Leyane
Femininos;Leyla
Femininos;Leyna
Femininos;Lhuzie
Femininos;Lhya
Femininos;Lia
Femininos;Lía
Femininos;Liah
Femininos;Liana
Femininos;Liane
Femininos;Lianna
Femininos;Lianne
Femininos;Lianny
Femininos;Lianor
Femininos;Liany
Femininos;Liara
Femininos;Libânia
Femininos;Libiane
Femininos;Lícia
Femininos;Liciana
Femininos;Liciane
Femininos;Licínia
Femininos;Lidia
Femininos;Lídia
Femininos;Lidiana
Femininos;Lidianay
Femininos;Lidiane
Femininos;Lidiany
Femininos;Lidija
Femininos;Lígia
Femininos;Ligiane
Femininos;Lila
Femininos;Lilia
Femininos;Lília
Femininos;Liliam
Femininos;Lilian
Femininos;Liliana
Femininos;Liliane
Femininos;Lilianna
Femininos;Lilliana
Femininos;Lillie
Femininos;Lilly
Femininos;Lily
Femininos;Lilya
Femininos;Lina
Femininos;Linda
Femininos;Lindha
Femininos;Linjing
Femininos;Lionela
Femininos;Lipika
Femininos;Lira
Femininos;Líria
Femininos;Lis
Femininos;Lisa
Femininos;Lisana
Femininos;Lisandra
Femininos;Lisbon
Femininos;Lissa
Femininos;Lissandra
Femininos;Liv
Femininos;Livia
Femininos;Lívia
Femininos;Livya
Femininos;Liya
Femininos;Liyaanah
Femininos;Liyana
Femininos;Liz
Femininos;Liza
Femininos;Lizandra
Femininos;Lizéa
Femininos;Lízi
Femininos;LLyhara
Femininos;Loana
Femininos;Lohana
Femininos;Loide
Femininos;Loíka
Femininos;Lok
Femininos;Lola
Femininos;Lona
Femininos;Loredana
Femininos;Lorena
Femininos;Lorenna
Femininos;Lorenza
Femininos;Loriana
Femininos;Loriane
Femininos;Lorie
Femininos;Lorine
Femininos;Lorraine
Femininos;Lorrainy
Femininos;Lorrany
Femininos;Lou
Femininos;Louana
Femininos;Louane
Femininos;Louanna
Femininos;Lou-Anna
Femininos;Loucia
Femininos;Louisa
Femininos;Louise
Femininos;Louíse
Femininos;Louna
Femininos;Lourdes
Femininos;Lua
Femininos;Luana
Femininos;Luanda
Femininos;Luane
Femininos;Luani
Femininos;Luanna
Femininos;Luanny
Femininos;Luany
Femininos;Luara
Femininos;Lucca
Femininos;Lucia
Femininos;Lucía
Femininos;Lúcia
Femininos;Luciana
Femininos;Luciane
Femininos;Lucie
Femininos;Luciena
Femininos;Luciene
Femininos;Lucile
Femininos;Lucília
Femininos;Lucily
Femininos;Lucinda
Femininos;Lucy
Femininos;Lucymar
Femininos;Ludiana
Femininos;Ludiany
Femininos;Ludima
Femininos;Ludmila
Femininos;Ludyanne
Femininos;Lueji
Femininos;Luena
Femininos;Luenna
Femininos;Luiana
Femininos;Luicilene
Femininos;Luine
Femininos;Luís
Femininos;Luisa
Femininos;Luísa
Femininos;LUÍSA
Femininos;Luisie
Femininos;Luiza
Femininos;Luíza
Femininos;Luka
Femininos;Lukénia
Femininos;Lukenya
Femininos;Lumena
Femininos;Lumi
Femininos;Luna
Femininos;Lunah
Femininos;Lunara
Femininos;Luniva
Femininos;Lunna
Femininos;Lunnah
Femininos;Lurdes
Femininos;Lúriah
Femininos;Luriam
Femininos;Luriane
Femininos;Luwejíyane
Femininos;Luyana
Femininos;Luyane
Femininos;Luz
Femininos;Luzia
Femininos;Lweji
Femininos;Lwena
Femininos;Lwezzy
Femininos;Lya
Femininos;Lyah
Femininos;Lyan
Femininos;Lyana
Femininos;Lyandra
Femininos;Lyane
Femininos;Lyani
Femininos;Lyanie
Femininos;Lyara
Femininos;Lyaren
Femininos;Lyna
Femininos;Lynn
Femininos;Lysie
Femininos;Lyssa
Femininos;Lyvia
Femininos;Maahi
Femininos;Maahirah
Femininos;Maahniya
Femininos;Maaniya
Femininos;Maanvika
Femininos;Mabel
Femininos;Mabell
Femininos;Madail
Femininos;Madalena
Femininos;Madalina
Femininos;Maddalena
Femininos;Maddelyn
Femininos;Madeleine
Femininos;Madelene
Femininos;Madiha
Femininos;Maëlie
Femininos;Maëlis
Femininos;Maelys
Femininos;Maëlys
Femininos;Maeva
Femininos;Maëva
Femininos;Mafalda
Femininos;Magali
Femininos;Magalie
Femininos;Magda
Femininos;Mágda
Femininos;Magdalena
Femininos;Maggui
Femininos;Magnólia
Femininos;Maguette
Femininos;Mágui
Femininos;Mah
Femininos;Maha
Femininos;Mahdia
Femininos;Mahi
Femininos;Mahnoor
Femininos;Maia
Femininos;Maïa
Femininos;Maiara
Femininos;Maida
Femininos;Maïdo
Femininos;Maila
Femininos;Maimuna
Femininos;Maira
Femininos;Maíra
Femininos;Maisa
Femininos;Maísa
Femininos;Maisah
Femininos;Maisam
Femininos;Maite
Femininos;Maitê
Femininos;Makayla
Femininos;Malaika
Femininos;Malak
Femininos;Malena
Femininos;Mali
Femininos;Malia
Femininos;Malía
Femininos;Malie
Femininos;Maliha
Femininos;Malika
Femininos;Malu
Femininos;Malú
Femininos;Mama
Femininos;MaMa
Femininos;Mamadou
Femininos;Mame
Femininos;Man
Femininos;Manassa
Femininos;Manasvi
Femininos;Manel
Femininos;Mankirat
Femininos;Manmeet
Femininos;Mannatpreet
Femininos;Manoela
Femininos;Manon
Femininos;Manreet
Femininos;Mansi
Femininos;Manuela
Femininos;Manuella
Femininos;Manvi
Femininos;Manyata
Femininos;Maprua
Femininos;Mara
Femininos;Marah
Femininos;Marcela
Femininos;Marcelina
Femininos;Marcella
Femininos;Marcelle
Femininos;Marcia
Femininos;Márcia
Femininos;Marciana
Femininos;Maré
Femininos;Marflor
Femininos;Margaret
Femininos;Margarida
Femininos;Margariga
Femininos;Margarita
Femininos;Margaritta
Femininos;Margaux
Femininos;Margherita
Femininos;Margot
Femininos;Marguerita
Femininos;Mari
Femininos;Maria
Femininos;María
Femininos;Mária
Femininos;Mariah
Femininos;Maria-Luís
Femininos;Maria-Luiza
Femininos;Mariam
Femininos;Mariama
Femininos;Mariamar
Femininos;Mariame
Femininos;Mariana
Femininos;Mariane
Femininos;Mariangi
Femininos;Marianna
Femininos;Marianne
Femininos;Maria-Valentina
Femininos;Maribel
Femininos;Marie
Femininos;Mariela
Femininos;Marielle
Femininos;Marie-Louise
Femininos;Marieta
Femininos;Mariia
Femininos;Marija
Femininos;Marilda
Femininos;Marilia
Femininos;Marília
Femininos;Marilinda
Femininos;Marilu
Femininos;Mariluz
Femininos;Marilza
Femininos;Marina
Femininos;Marinela
Femininos;Marinha
Femininos;Marion
Femininos;Marisa
Femininos;Marisabel
Femininos;Marisela
Femininos;Marisol
Femininos;Marita
Femininos;Máriyah
Femininos;Mariza
Femininos;Marjore
Femininos;Marlayna
Femininos;Marle
Femininos;Marlene
Femininos;Marli
Femininos;Marlice
Femininos;Marline
Femininos;Marlise
Femininos;Marlita
Femininos;Marluí
Femininos;Marta
Femininos;Martha
Femininos;Martina
Femininos;Mártina
Femininos;Martinha
Femininos;Maruwa
Femininos;Marwa
Femininos;Mary
Femininos;Marya
Femininos;Maryah
Femininos;Maryam
Femininos;Maryana
Femininos;Marybel
Femininos;Marycel
Femininos;Marysol
Femininos;Mathalda
Femininos;Mathilda
Femininos;Mathilde
Femininos;Mathylde
Femininos;Matilda
Femininos;Matilde
Femininos;Mauan
Femininos;Maura
Femininos;Maureen
Femininos;Maurine
Femininos;Maxine
Femininos;May
Femininos;Maya
Femininos;Mayagi
Femininos;Mayana
Femininos;Mayara
Femininos;Mayce
Femininos;Mayla
Femininos;Maylee
Femininos;Maylis
Femininos;Mayra
Femininos;Maysa
Femininos;Mayza
Femininos;Mazea
Femininos;Medina
Femininos;Meera
Femininos;Meeryam
Femininos;Megan
Femininos;Meggi
Femininos;Meghan
Femininos;Mehakpreet
Femininos;Mehjabeen
Femininos;Mehr
Femininos;Mel
Femininos;Melania
Femininos;Melânia
Femininos;Melanie
Femininos;Melánie
Femininos;Mélanie
Femininos;Melaniya
Femininos;Melannie
Femininos;Melany
Femininos;Melanye
Femininos;Melina
Femininos;Mélina
Femininos;Melinda
Femininos;Mélinda
Femininos;Méline
Femininos;Melinie
Femininos;Melisa
Femininos;Mélisande
Femininos;Melissa
Femininos;Mélissa
Femininos;Mélisse
Femininos;Mellanie
Femininos;Mellany
Femininos;Mellanye
Femininos;Mellissa
Femininos;Mellyssa
Femininos;Melodia
Femininos;Mélodie
Femininos;Melody
Femininos;Melynda
Femininos;Melyssa
Femininos;Mélyssa
Femininos;Mercedes
Femininos;Mercês
Femininos;Merciane
Femininos;Meriana
Femininos;Merícia
Femininos;Merita
Femininos;Meritxell
Femininos;Merydjene
Femininos;Meryem
Femininos;Meyde
Femininos;Meyra
Femininos;Mia
Femininos;Miah
Femininos;Micaela
Femininos;Micaella
Femininos;Mical
Femininos;Michele
Femininos;Micheli
Femininos;Michell
Femininos;Michelle
Femininos;Michelly
Femininos;Mickaela
Femininos;Mickelly
Femininos;Miftah
Femininos;Miglena
Femininos;Miguela
Femininos;Mihaela
Femininos;Mikaela
Femininos;Mikaëla
Femininos;Mikaelly
Femininos;Mikayla
Femininos;Mila
Femininos;Milana
Femininos;Milany
Femininos;Mileida
Femininos;Mileide
Femininos;Milena
Femininos;Miléna
Femininos;Milene
Femininos;Miley
Femininos;Milica
Femininos;Milinda
Femininos;Mina
Femininos;Minerva
Femininos;Mira
Femininos;Miranda
Femininos;Mireia
Femininos;Mirela
Femininos;Mirella
Femininos;Mireya
Femininos;Miria
Femininos;Miriã
Femininos;Miriam
Femininos;Mirian
Femininos;Mirita
Femininos;Mirna
Femininos;Miroslava
Femininos;Miruna
Femininos;Miryah
Femininos;Miryam
Femininos;Misaela
Femininos;Misbah
Femininos;Misha
Femininos;Mishal
Femininos;Misthi
Femininos;Mizuki
Femininos;M'mahawa
Femininos;Moana
Femininos;Momtahana
Femininos;Mona
Femininos;Monica
Femininos;Mónica
Femininos;Monike
Femininos;Monroe
Femininos;Morena
Femininos;Morgana
Femininos;Mufaro
Femininos;Mukti
Femininos;Muriel
Femininos;Muskan
Femininos;Mutiara
Femininos;Mya
Femininos;Myany
Femininos;Mycaella
Femininos;Myla
Femininos;Mylena
Femininos;Mymouna
Femininos;Myra
Femininos;Myriam
Femininos;Naara
Femininos;Nabian
Femininos;Nadia
Femininos;Nádia
Femininos;Nadine
Femininos;Nadir
Femininos;Nadja
Femininos;Nadya
Femininos;Nadyne
Femininos;Naeema
Femininos;Naèva
Femininos;Nafia
Femininos;Nagore
Femininos;Nahary
Femininos;Nahla
Femininos;Nahyma
Femininos;Naia
Femininos;Naïa
Femininos;Naiane
Femininos;Naiara
Femininos;Naïara
Femininos;Naíde
Femininos;Naila
Femininos;Naima
Femininos;Naíma
Femininos;Nair
Femininos;Naira
Femininos;Naíra
Femininos;Naïra
Femininos;Naisa
Femininos;Naísa
Femininos;Naissa
Femininos;Najna
Femininos;Nalaan
Femininos;Naleyde
Femininos;Nalini
Femininos;Nami
Femininos;Namira
Femininos;Nanci
Femininos;Nancy
Femininos;Naomi
Femininos;Nara
Femininos;Naraiana
Femininos;Nasra
Femininos;Natacha
Femininos;Natali
Femininos;Natalia
Femininos;Natália
Femininos;Natalie
Femininos;Natalina
Femininos;Natanaela
Femininos;Nataniela
Femininos;Natasha
Femininos;Natchala
Femininos;Natércia
Femininos;Nathalia
Femininos;Nathália
Femininos;Nathalie
Femininos;Natshara
Femininos;Navya
Femininos;Nawail
Femininos;Nawal
Femininos;Nawany
Femininos;Nayandra
Femininos;Nayanka
Femininos;Nayanne
Femininos;Nayara
Femininos;Nayára
Femininos;Nayarah
Femininos;Nayeli
Femininos;Nayla
Femininos;Naylah
Femininos;Nayleen
Femininos;Naylla
Femininos;Nayma
Femininos;Nayomi
Femininos;Nayr
Femininos;Nayra
Femininos;Naysa
Femininos;Naysha
Femininos;Naysir
Femininos;Nayuca
Femininos;Nazaré
Femininos;Nazia
Femininos;Naziriti
Femininos;Ndeye
Femininos;N'deye
Femininos;Neela
Femininos;Neena
Femininos;Neerzara
Femininos;Neide
Femininos;Neidi
Femininos;Neidiane
Femininos;Neidiany
Femininos;Neima
Femininos;Neimara
Femininos;Neise
Femininos;Neivania
Femininos;Nel
Femininos;Nelcy
Femininos;Neli
Femininos;Nélia
Femininos;Nelissa
Femininos;Nelly
Femininos;Nellyane
Femininos;Nelma
Femininos;Nelsa
Femininos;Nelsiany
Femininos;Nelssy
Femininos;Nelsyanne
Femininos;Nely
Femininos;Nene
Femininos;Nené
Femininos;Neomi
Femininos;Nerea
Femininos;Nereida
Femininos;Nerissa
Femininos;Nesilita
Femininos;Nessie
Femininos;Nessy
Femininos;Nesta
Femininos;Neusa
Femininos;Neuse
Femininos;Neuza
Femininos;Nevelly
Femininos;Névia
Femininos;Neyanne
Femininos;Neylissa
Femininos;Neyma
Femininos;Neymara
Femininos;Ngenda
Femininos;Nghoite
Femininos;Ngou
Femininos;Nhalim
Femininos;Nhiblo
Femininos;Nhima
Femininos;Ni
Femininos;Nia
Femininos;Niah
Femininos;Niara
Femininos;Nicca
Femininos;Nice
Femininos;Nícia
Femininos;Nicky
Femininos;Nicol
Femininos;Nicole
Femininos;Nicoleta
Femininos;Nicolle
Femininos;Nicolly
Femininos;Nicoly
Femininos;Nidhi
Femininos;Nidía
Femininos;Nídia
Femininos;Nidiana
Femininos;Nidiane
Femininos;Niéves
Femininos;Nihal
Femininos;Nikita
Femininos;Nikol
Femininos;Nikole
Femininos;Nikolly
Femininos;Nilde
Femininos;Nilmara
Femininos;Nilsiane
Femininos;Nilza
Femininos;Nimi
Femininos;Nimilukeyne
Femininos;Nimisa
Femininos;Nina
Femininos;Ninara
Femininos;Nirali
Femininos;Nirian
Femininos;Niriani
Femininos;Nirianí
Femininos;Nirina
Femininos;Nirvana
Femininos;Nisa
Femininos;Nishtha
Femininos;Nísia
Femininos;Nitya
Femininos;Niyati
Femininos;Njinga
Femininos;Njunda
Femininos;Nkula
Femininos;Noa
Femininos;Noá
Femininos;Noah
Femininos;Noecris
Femininos;Noelia
Femininos;Noélie
Femininos;Noéline
Femininos;Noelís
Femininos;Noème
Femininos;Noemi
Femininos;Noémi
Femininos;Noémia
Femininos;Noémie
Femininos;Noha
Femininos;Nola
Femininos;Nomusa
Femininos;Noor
Femininos;Nor
Femininos;Norah
Femininos;Norma
Femininos;Nour
Femininos;Nourane
Femininos;Nourelzharaa
Femininos;Nourhane
Femininos;Núbia
Femininos;Nubiana
Femininos;Nuélia
Femininos;Nuna
Femininos;Nur
Femininos;Nür
Femininos;Nuria
Femininos;Núria
Femininos;Núrya
Femininos;Nusaiba
Femininos;Nyah
Femininos;Nyara
Femininos;Nyhara
Femininos;Nysa
Femininos;Nyurka
Femininos;Nzambi
Femininos;N'Zayla
Femininos;Oana
Femininos;Oceana
Femininos;Oceane
Femininos;Océane
Femininos;Ociana
Femininos;Octávia
Femininos;Oderlaine
Femininos;Odette
Femininos;Ofélia
Femininos;Ohana
Femininos;Ohanna
Femininos;Oi
Femininos;Oksana
Femininos;Oleksandra
Femininos;Olga
Femininos;Olimpia
Femininos;Olinda
Femininos;Olivia
Femininos;Olívia
Femininos;Oliviana
Femininos;Oliwia
Femininos;Omara
Femininos;Omayra
Femininos;Omya
Femininos;Onalyz
Femininos;Or
Femininos;Orange
Femininos;Oriana
Femininos;Oriane
Femininos;Orianna
Femininos;Oriany
Femininos;Orlanda
Femininos;Orlania
Femininos;Orquídea
Femininos;Orrel
Femininos;Oryana
Femininos;Osinachi
Femininos;Osíris
Femininos;Ostara
Femininos;Otchali
Femininos;Otelinda
Femininos;Otília
Femininos;Otylia
Femininos;Oumaima
Femininos;Oumou
Femininos;Palina
Femininos;Pallavi
Femininos;Palmira
Femininos;Paloma
Femininos;Palomá
Femininos;Pamela
Femininos;Pâmella
Femininos;Pandora
Femininos;Paola
Femininos;Paolla
Femininos;Papoila
Femininos;Parbhjot
Femininos;Parbhleen
Femininos;Paridhi
Femininos;Parineeti
Femininos;Parini
Femininos;Paris
Femininos;Parisa
Femininos;Pariti
Femininos;Parleen
Femininos;Parneet
Femininos;Patricia
Femininos;Patrícia
Femininos;Patrisia
Femininos;Paula
Femininos;Pauliana
Femininos;Paulina
Femininos;Paz
Femininos;Peculiar
Femininos;Pedrina
Femininos;Pei
Femininos;Pendasecka
Femininos;Penelope
Femininos;Penélope
Femininos;Perla
Femininos;Pérola
Femininos;Perolah
Femininos;Persília
Femininos;Petra
Femininos;Petrina
Femininos;Pettra
Femininos;Peyton
Femininos;Philomène
Femininos;Pia
Femininos;Piedade
Femininos;Pietra
Femininos;Pilar
Femininos;Pinisha
Femininos;Pippa
Femininos;Pixie
Femininos;Piya
Femininos;Poliana
Femininos;Polina
Femininos;Prableen
Femininos;Prachi
Femininos;Pranavi
Femininos;Pranshi
Femininos;Prapti
Femininos;Precious
Femininos;Prezia
Femininos;Princess
Femininos;Princi
Femininos;Princy
Femininos;Priscianne
Femininos;Priscienne
Femininos;Priscila
Femininos;Priscilla
Femininos;Prisha
Femininos;Prishu
Femininos;Priyal
Femininos;Priyana
Femininos;Priyani
Femininos;Priyanka
Femininos;Priyanshi
Femininos;Priyasha
Femininos;Prudência
Femininos;Pui
Femininos;Pureza
Femininos;Purvi
Femininos;Purvika
Femininos;Pyetra
Femininos;Qian
Femininos;Qiana
Femininos;Qianyu
Femininos;Qristina
Femininos;Quedna
Femininos;Quélia
Femininos;Quéren
Femininos;Quésia
Femininos;Quessia
Femininos;Quezia
Femininos;Quézia
Femininos;Quiana
Femininos;Quiara
Femininos;Quintazinha
Femininos;Quirina
Femininos;Raagidatu
Femininos;Raaniya
Femininos;Rabab
Femininos;Rabia
Femininos;Rachael
Femininos;Rachaell
Femininos;Rachel
Femininos;Radassa
Femininos;Radija
Femininos;Radijah
Femininos;Rafa
Femininos;Rafaela
Femininos;Rafaella
Femininos;Rafya
Femininos;Rahel
Femininos;Rahela
Femininos;Rahima
Femininos;Rahma
Femininos;Rahyssa
Femininos;Raiana
Femininos;Raiane
Femininos;Raiany
Femininos;Raiba
Femininos;Raihanny
Femininos;Raima
Femininos;Raina
Femininos;Raisa
Femininos;Raísa
Femininos;Raissa
Femininos;Raíssa
Femininos;Ralyatou
Femininos;Ramatoulaye
Femininos;Ramatoullaye
Femininos;Ramatulai
Femininos;Ranessa
Femininos;Rania
Femininos;Ranielly
Femininos;Raniyah
Femininos;Ranya
Femininos;Raphaela
Femininos;Raphaella
Femininos;Raquel
Femininos;Rauanny
Femininos;Raul
Femininos;Raven
Femininos;Ravneet
Femininos;Rayana
Femininos;Rayane
Femininos;Rayanna
Femininos;Rayanne
Femininos;Raycha
Femininos;Rayhanatou
Femininos;Rayla
Femininos;Raylla
Femininos;Rayna
Femininos;Raysa
Femininos;Rayssa
Femininos;Razeena
Femininos;Reaganne
Femininos;Reana
Femininos;Reandra
Femininos;Rebeca
Femininos;Rebecca
Femininos;Rebeka
Femininos;Reece
Femininos;Reeva
Femininos;Reezma
Femininos;Regiany
Femininos;Regina
Femininos;Renata
Femininos;Rey
Femininos;Reyna
Femininos;Reynelle
Femininos;Rhadassah
Femininos;Rhaíssa
Femininos;Rhayssa
Femininos;Rhianna
Femininos;Rhuana
Femininos;Rhyanne
Femininos;Riana
Femininos;Rianne
Femininos;Ricarda
Femininos;Ricardina
Femininos;Ricielle
Femininos;Rickyana
Femininos;Rida
Femininos;Riham
Femininos;Rihana
Femininos;Rihanna
Femininos;Rijula
Femininos;Riman
Femininos;Rimas
Femininos;Rinoyshka
Femininos;Rio
Femininos;Rita
Femininos;Ritaj
Femininos;Ritha
Femininos;Ritika
Femininos;Riva
Femininos;Rivka
Femininos;Riyaa
Femininos;Roana
Femininos;Roann
Femininos;Roberta
Femininos;Rocio
Femininos;Romaisa
Femininos;Romana
Femininos;Romina
Femininos;Romy
Femininos;Ronika
Femininos;Rosa
Femininos;Rosália
Femininos;Rosalie
Femininos;Rosalina
Femininos;Rosalinda
Femininos;Rosaline
Femininos;Rosamar
Femininos;Rosana
Femininos;Rosangela
Femininos;Rosária
Femininos;Rosarin
Femininos;Rosarinho
Femininos;Rosário
Femininos;Rose
Femininos;Roseane
Femininos;Roseanna
Femininos;Roshni
Femininos;Rosiany
Femininos;Rosie
Femininos;Rosinda
Femininos;Rosita
Femininos;Roslene
Femininos;Rossana
Femininos;Rossandra
Femininos;Rouguiatou
Femininos;Rouguiyata
Femininos;Roumaysa
Femininos;Roxana
Femininos;Roziane
Femininos;Ruama
Femininos;Rubi
Femininos;Rúbia
Femininos;Rubina
Femininos;Ruby
Femininos;Rubyana
Femininos;Ruby-Rose
Femininos;Ruelma
Femininos;Rugaia
Femininos;Ruhi
Femininos;Ruhin
Femininos;Ruhiyah
Femininos;Ruíza
Femininos;Rukaiya
Femininos;Rumanah
Femininos;Runa
Femininos;Runika
Femininos;Rusana
Femininos;Rushda
Femininos;Rut
Femininos;Rute
Femininos;Ruth
Femininos;Ruwwi
Femininos;Ryara
Femininos;Ryhanna
Femininos;Saalsy
Femininos;Sabaahat
Femininos;Sabina
Femininos;Sabrina
Femininos;Sabrine
Femininos;Sacha
Femininos;Sadagi
Femininos;Sade
Femininos;Sadiya
Femininos;Sádiya
Femininos;Safaa
Femininos;Safae
Femininos;Safiatu
Femininos;Safina
Femininos;Safira
Femininos;Safiya
Femininos;Safiyah
Femininos;Safiye
Femininos;Saga
Femininos;Sahara
Femininos;Sahira
Femininos;Sahíra
Femininos;Sahory
Femininos;Saisha
Femininos;Salemata
Femininos;Salete
Femininos;Sali
Femininos;Sáli
Femininos;Saliha
Femininos;Salima
Femininos;Salimata
Femininos;Salimatu
Femininos;Salin
Femininos;Sally
Femininos;Salma
Femininos;Salome
Femininos;Salomé
Femininos;Saly
Femininos;Sam
Femininos;Samaira
Femininos;Samanta
Femininos;Samantha
Femininos;Samanu
Femininos;Samara
Femininos;Samarah
Femininos;Samaritana
Femininos;Samavia
Femininos;Sâmia
Femininos;Samily
Femininos;Samira
Femininos;Samiya
Femininos;Samreen
Femininos;Samreet
Femininos;Samrina
Femininos;Samyra
Femininos;Sana
Femininos;Sanaya
Femininos;Sancha
Femininos;Sandra
Femininos;Sandrina
Femininos;Sandy
Femininos;Saneia
Femininos;Sangatee
Femininos;Sania
Femininos;Saniya
Femininos;Sanjida
Femininos;Sanpreet
Femininos;Sanskriti
Femininos;Sanvi
Femininos;Sánya
Femininos;Saoudatou
Femininos;Saphira
Femininos;Sara
Femininos;Sarah
Femininos;Sarai
Femininos;Saran
Femininos;Saray
Femininos;Sarayma
Femininos;Sarayu
Femininos;Sarika
Femininos;Sarina
Femininos;Sarolta
Femininos;Sasha
Femininos;Satam
Femininos;Savana
Femininos;Savannah
Femininos;Savreen
Femininos;Scarlet
Femininos;Scarlett
Femininos;Schayenne
Femininos;Schmaiah
Femininos;Seammy
Femininos;Seara
Femininos;Seerat
Femininos;Seeratjot
Femininos;Séfora
Femininos;Sehajleen
Femininos;Sehajpreet
Femininos;Seima
Femininos;Selena
Femininos;Selene
Femininos;Selénia
Femininos;Selina
Femininos;Selma
Femininos;Sena
Femininos;Sendy
Femininos;Seni
Femininos;Sénia
Femininos;Seomara
Femininos;Seong
Femininos;Sephora
Femininos;Serena
Femininos;Séréna
Femininos;Sesili
Femininos;Seynabou
Femininos;Shabih
Femininos;Shafa
Femininos;Shaira
Femininos;Shaíza
Femininos;Shakila
Femininos;Shakilla
Femininos;Shakira
Femininos;Shana
Femininos;Shanaya
Femininos;Shania
Femininos;Shanna
Femininos;Shannan
Femininos;Shannaya
Femininos;Shantel
Femininos;Shantelle
Femininos;Shanti
Femininos;Shanzay
Femininos;Shaquira
Femininos;Sharam
Femininos;Shareen
Femininos;Sharon
Femininos;Shaskia
Femininos;Shayanne
Femininos;Shayenne
Femininos;Shayla
Femininos;Shayná
Femininos;Shehar
Femininos;Sheila
Femininos;Sheinizy
Femininos;Shekina
Femininos;Sherley
Femininos;Sheyla
Femininos;Shimrik
Femininos;Shine
Femininos;Shirley
Femininos;Shivani
Femininos;Shraddha
Femininos;Shreeja
Femininos;Shreya
Femininos;Shridhi
Femininos;Shriya
Femininos;Shun
Femininos;Shyla
Femininos;Si
Femininos;Sian
Femininos;Siana
Femininos;Siara
Femininos;Sibila
Femininos;Sidakpreet
Femininos;Siddhi
Femininos;Sidhak
Femininos;Siena
Femininos;Sienna
Femininos;Sierra
Femininos;Silivondela
Femininos;Silke
Femininos;Silvana
Femininos;Silvéria
Femininos;Silvia
Femininos;Sílvia
Femininos;Silvie
Femininos;Simara
Femininos;Simaura
Femininos;Simona
Femininos;Simone
Femininos;Simra
Femininos;Simran
Femininos;Simy
Femininos;Sindy
Femininos;Sintya
Femininos;Siomara
Femininos;Sira
Femininos;Sirelsen
Femininos;Sisa
Femininos;Skyeah
Femininos;Skylar
Femininos;Slaveya
Femininos;Smahir
Femininos;Smily
Femininos;Snezhana
Femininos;Snigdhita
Femininos;Soainy
Femininos;Sofia
Femininos;Sofía
Femininos;Sófia
Femininos;Sofie
Femininos;Sofiia
Femininos;Sofiya
Femininos;Sofya
Femininos;Sohany
Femininos;Sohia
Femininos;Sol
Femininos;Solana
Femininos;Solange
Femininos;Solayra
Femininos;Solena
Femininos;Solene
Femininos;Soline
Femininos;Solomia
Femininos;Solomiia
Femininos;Solomiya
Femininos;Sonia
Femininos;Sónia
Femininos;Sonilda
Femininos;Sónya
Femininos;Sophia
Femininos;Sophie
Femininos;Soraia
Femininos;Soraya
Femininos;Sory
Femininos;Soshthe
Femininos;Soyane
Femininos;Stacey
Femininos;Stacy
Femininos;Stanislava
Femininos;Stanislawa
Femininos;Stefane
Femininos;Stefani
Femininos;Stefania
Femininos;Stefaniia
Femininos;Stefanny
Femininos;Stefany
Femininos;Steffany
Femininos;Stela
Femininos;Stella
Femininos;Stéphane
Femininos;Stephania
Femininos;Stephanie
Femininos;Stéphanie
Femininos;Stephanny
Femininos;Stephany
Femininos;Stéphany
Femininos;Sthéfany
Femininos;Sua
Femininos;Sueli
Femininos;Suéli
Femininos;Suellen
Femininos;Suely
Femininos;Suhana
Femininos;Suhani
Femininos;Sukhmeet
Femininos;Sulamita
Femininos;Sumaia
Femininos;Sumeiyah
Femininos;Summayiah
Femininos;Suncar
Femininos;Sunto
Femininos;Sura
Femininos;Surbani
Femininos;Sureya
Femininos;Suri
Femininos;Suria
Femininos;Súrianey
Femininos;Suriel
Femininos;Sury
Femininos;Surya
Femininos;Suryane
Femininos;Suryanne
Femininos;Suryn
Femininos;Susana
Femininos;Susanna
Femininos;Suse
Femininos;Susete
Femininos;Suvana
Femininos;Suvigya
Femininos;Suzana
Femininos;Suzanne
Femininos;Suzi
Femininos;Suzy
Femininos;Svenya
Femininos;Swana
Femininos;Swazilene
Femininos;Syana
Femininos;Sylvie
Femininos;Syrine
Femininos;Tabata
Femininos;Tabatha
Femininos;Tabita
Femininos;Taciana
Femininos;Tahira
Femininos;Tahmarah
Femininos;Taia
Femininos;Taiana
Femininos;Tainara
Femininos;Taís
Femininos;Taisa
Femininos;Taísa
Femininos;Taisiea
Femininos;Taisiya
Femininos;Taíssa
Femininos;Talia
Femininos;Talina
Femininos;Talita
Femininos;Tâlyana
Femininos;Tamar
Femininos;Tamara
Femininos;Tamára
Femininos;Tamaya
Femininos;Tamina
Femininos;Tamirys
Femininos;Tamora
Femininos;Tânia
Femininos;Tanisha
Femininos;Tannisha
Femininos;Tanok
Femininos;Tanushka
Femininos;Tanushree
Femininos;Tanveen
Femininos;Tanveer
Femininos;Tapasvi
Femininos;Tara
Femininos;Taranpreet
Femininos;Tarsila
Femininos;Tasia
Femininos;Tásia
Femininos;Tatheer
Femininos;Tatiana
Femininos;Tauany
Femininos;Tawila
Femininos;Tayane
Femininos;Tayanne
Femininos;Tayla
Femininos;Tayline
Femininos;Tayná
Femininos;Taynara
Femininos;Tayra
Femininos;Taysha
Femininos;Tayssa
Femininos;Tcheucia
Femininos;Tchissola
Femininos;Tejasvi
Femininos;Telma
Femininos;Tempérance
Femininos;Teodora
Femininos;Tequeban
Femininos;Teresa
Femininos;Teresinha
Femininos;Tereza
Femininos;Terezinha
Femininos;Tesla
Femininos;Tess
Femininos;Tessa
Femininos;Teyana
Femininos;Teysir
Femininos;Thai
Femininos;Thaiany
Femininos;Thaila
Femininos;Thailine
Femininos;Thailize
Femininos;Thainara
Femininos;Thais
Femininos;Thaís
Femininos;Thaissa
Femininos;Thaíssa
Femininos;Thalia
Femininos;Thalita
Femininos;Thalyta
Femininos;Thamara
Femininos;Thamirys
Femininos;Thamyres
Femininos;Thayla
Femininos;Thaynara
Femininos;Thayra
Femininos;Thays
Femininos;Thayssa
Femininos;Thérése
Femininos;Thiara
Femininos;Thyana
Femininos;Thyanne
Femininos;Thyara
Femininos;Tiaanna
Femininos;Tiana
Femininos;Tiara
Femininos;Ticiana
Femininos;Ticiane
Femininos;Ticiara
Femininos;Tida
Femininos;Tiffany
Femininos;Tiguidanke
Femininos;Tilia
Femininos;Timeea
Femininos;Tin
Femininos;Tina
Femininos;Tinkal
Femininos;Tinky
Femininos;Tiphany
Femininos;Tisha
Femininos;Tita
Femininos;Tiwatope
Femininos;Tomasa
Femininos;Tomásia
Femininos;Tomázia
Femininos;Tomomi
Femininos;Tracy
Femininos;Trefa
Femininos;Tressia
Femininos;Trinity
Femininos;Trisha
Femininos;Tshayene
Femininos;Tshelika
Femininos;Tshinina
Femininos;Tsz
Femininos;Tuana
Femininos;Tuany
Femininos;Túlia
Femininos;Túlipa
Femininos;Tvaya
Femininos;Tvisha
Femininos;Twin
Femininos;Txissola
Femininos;Tyciane
Femininos;Uhenia
Femininos;Ulé
Femininos;Ulmira
Femininos;Ululani
Femininos;Umaiza
Femininos;Umaro
Femininos;Uriyanne
Femininos;Ursula
Femininos;Úrsula
Femininos;Urvi
Femininos;Urvika
Femininos;Urwa
Femininos;Ustyna
Femininos;Uxue
Femininos;Vacilissa
Femininos;Vadeleisy
Femininos;Vadinilda
Femininos;Vaíse
Femininos;Vaishnavi
Femininos;Valdimara
Femininos;Valdimira
Femininos;Valentina
Femininos;Valentine
Femininos;Valentyna
Femininos;Valeria
Femininos;Valéria
Femininos;Valerie
Femininos;Valeriya
Femininos;Valesca
Femininos;Valeska
Femininos;Valhentina
Femininos;Vallentina
Femininos;Vallentyna
Femininos;Valmarie
Femininos;Valnice
Femininos;Valquíria
Femininos;Vanaika
Femininos;Vanda
Femininos;Vanellope
Femininos;Vanélssia
Femininos;Vanessa
Femininos;Vania
Femininos;Vânia
Femininos;Vanica
Femininos;Vanilda
Femininos;Vanine
Femininos;Vanísa
Femininos;Vanshika
Femininos;Vanusa
Femininos;Vanuza
Femininos;Varatchaya
Femininos;Varsha
Femininos;Varvâra
Femininos;Vedika
Femininos;Velisha
Femininos;Venicia
Femininos;Vera
Femininos;Verena
Femininos;Veronica
Femininos;Verónica
Femininos;verónica
Femininos;Veronika
Femininos;Verónika
Femininos;Veronique
Femininos;Vicência
Femininos;Vicki
Femininos;Vicky
Femininos;Victoria
Femininos;Victória
Femininos;Vida
Femininos;Vidhi
Femininos;Viera
Femininos;Vigna
Femininos;Viktoria
Femininos;Viktória
Femininos;Viktoriia
Femininos;Viktoriya
Femininos;Vilma
Femininos;Vinisha
Femininos;Viola
Femininos;Violet
Femininos;Violeta
Femininos;Virali
Femininos;Virgínia
Femininos;Virna
Femininos;Virsaviya
Femininos;Vitália
Femininos;Vitoria
Femininos;Vitória
Femininos;Vítória
Femininos;Vitorina
Femininos;Vittoria
Femininos;Vittória
Femininos;Vivian
Femininos;Viviana
Femininos;Viviane
Femininos;Vivianne
Femininos;Vivien
Femininos;Vivienne
Femininos;Viya
Femininos;Vlada
Femininos;Vladislava
Femininos;Vladyslava
Femininos;Vrischika
Femininos;Vriya
Femininos;Vruti
Femininos;Vrutika
Femininos;Vyctorya
Femininos;Wahida
Femininos;Wailani
Femininos;Wamy
Femininos;Wan
Femininos;Wandi
Femininos;Wania
Femininos;Wareesha
Femininos;Wayame
Femininos;Weidy
Femininos;Wendie
Femininos;Wendy
Femininos;Weng
Femininos;Wenni
Femininos;Weronika
Femininos;Weslleyan
Femininos;Weza
Femininos;Whitney
Femininos;Wiam
Femininos;Wiame
Femininos;Wilfania
Femininos;Wiliana
Femininos;Wiliane
Femininos;Wiliannie
Femininos;Willciany
Femininos;Willow
Femininos;Willyane
Femininos;Wilma
Femininos;Wilmara
Femininos;Wilsia
Femininos;Wing
Femininos;Winnie
Femininos;Winnye
Femininos;Wueza
Femininos;Wyatt
Femininos;Wyssan
Femininos;Xavia
Femininos;Xénia
Femininos;Xica
Femininos;Xiluva
Femininos;Xinyu
Femininos;Xuantong
Femininos;Xymelle
Femininos;Yachne
Femininos;Yacine
Femininos;Yadavi
Femininos;Yahan
Femininos;Yahvi
Femininos;Yalena
Femininos;Yalissa
Femininos;Yami
Femininos;Yana
Femininos;Yanessa
Femininos;Yani
Femininos;Yanice
Femininos;Yanira
Femininos;Yaniris
Femininos;Yanna
Femininos;Yannelis
Femininos;Yanni
Femininos;Yanran
Femininos;Yanxi
Femininos;Yara
Femininos;Yaresi
Femininos;Yarine
Femininos;Yaryna
Femininos;Yasaswi
Femininos;Yasha
Femininos;Yashika
Femininos;Yashna
Femininos;Yasline
Femininos;Yasmim
Femininos;Yasmin
Femininos;YASMIN
Femininos;Yasmina
Femininos;Yasmine
Femininos;Yásmine
Femininos;Yasmini
Femininos;Yasmira
Femininos;Yasmmyn
Femininos;Yassmin
Femininos;Yassna
Femininos;Yasvi
Femininos;Yaye
Femininos;Yazmin
Femininos;Yazmine
Femininos;Yedllin
Femininos;Yellen
Femininos;Yelyzaveta
Femininos;Yenizia
Femininos;Yeomney
Femininos;Yesly
Femininos;Yeve
Femininos;Yin
Femininos;Yiyi
Femininos;Ynca
Femininos;Yoana
Femininos;Yoenne
Femininos;Yohana
Femininos;Yohanna
Femininos;Yohanni
Femininos;Yolanda
Femininos;Yolela
Femininos;Yolene
Femininos;Yona
Femininos;Yoná
Femininos;Yonara
Femininos;Yoshika
Femininos;Yosmara
Femininos;Yossane
Femininos;Yris
Femininos;Ysabella
Femininos;Ysys
Femininos;Yu
Femininos;Yuana
Femininos;Yukti
Femininos;Yulia
Femininos;Yuliya
Femininos;Yumi
Femininos;Yuna
Femininos;Yunilsa
Femininos;Yunna
Femininos;Yunni
Femininos;Yunxuan
Femininos;Yusandra
Femininos;Yuti
Femininos;Yzaine
Femininos;Zahara
Femininos;Zahira
Femininos;Zahra
Femininos;Zahraa
Femininos;Zaida
Femininos;Zainab
Femininos;Zainabou
Femininos;Zainah
Femininos;Zaíne
Femininos;Zaira
Femininos;Zakia
Femininos;Zalia
Femininos;Zamara
Femininos;Zamy
Femininos;Zandra
Femininos;Zara
Femininos;Zara-Bella
Femininos;Zarah
Femininos;Zarina
Femininos;Zarish
Femininos;Zayanne
Femininos;Zayed
Femininos;Zayna
Femininos;Zaynab
Femininos;Zayra
Femininos;Zeenat
Femininos;Zeina
Femininos;Zeinaba
Femininos;Zelda
Femininos;Zélia
Femininos;Zelmira
Femininos;Zena
Femininos;Zenaida
Femininos;Zenaide
Femininos;Zerena
Femininos;Zhara
Femininos;Zhoé
Femininos;Zia
Femininos;Zikra
Femininos;Zilda
Femininos;Zinaida
Femininos;Zita
Femininos;Ziva
Femininos;Ziya
Femininos;Zlata
Femininos;Zoe
Femininos;Zoé
Femininos;Zoei
Femininos;Zoe-Marie
Femininos;Zoey
Femininos;Zoia
Femininos;Zooey
Femininos;Zora
Femininos;Zoya
Femininos;Zulai
Femininos;Zuleica
Femininos;Zuleyca
Femininos;Zuleyka
Femininos;Zulmira
Femininos;Zunairah
Femininos;Zurain
Femininos;Zuri
Femininos;Zuzanna
